GSISID,Number,Position
32069,36,SS
30095,11,WR
31586,22,FS
29520,35,SS
30517,51,OLB
32697,36,FS
32250,18,WR
27978,54,ILB
31666,44,OLB
27791,44,RB
31919,23,SS
27547,35,CB
31087,29,FS
33802,80,WR
33928,27,CB
33820,66,OLB
31270,96,NT
33140,48,ILB
32592,20,SS
32655,78,DE
28202,24,RB
33566,36,CB
32372,10,WR
33874,23,CB
32875,20,CB
32084,58,OLB
31380,21,CB
29681,20,CB
33210,54,LS
31268,19,WR
32279,37,DB
29553,39,FS
33756,47,CB
31746,41,RB
28601,27,SS
30384,53,OLB
32761,90,DT
31263,54,ILB
33025,46,RB
32806,39o,RB
28443,51,OLB
30283,23,CB
26281,82,TE
32602,14,WR
32671,97,DE
33963,92,NT
30449,94,DT
30917,43,CB
30396,50,OLB
29560,27,CB
32537,83,WR
30562,21,CB
29566,53,ILB
32743,46o,TE
33261,83,WR
27957,21,CB
33004,30,RB
33886,90,OLB
33041,32,CB
31950,58,OLB
30502,50,OLB
33063,49,LS
27539,41,SS
22923,23,FS
30317,20,FS
33704,49d,OLB
24220,54,OLB
27998,29,CB
25942,92,DE
31844,22d,SS
33599,19,WR
31953,11,WR
31459,28,RB
33733,89,WR
31796,28,CB
33019,31,CB
32739,82,WR
32750,75,DE
33555,10,WR
33919,11,WR
33950,22,RB
33406,50,ILB
31683,38d,CB
33450,56,MLB
29972,64,DT
33664,31o,RB
32775,14,WR
31576,90,OLB
33415,27,FS
31929,54,OLB
33124,23d,CB
30317,47,FS
32610,62,DE
32138,98,NT
33870,94,DE
30091,15,WR
31208,57,DE
33114,13,WR
26858,9,K
30300,13,WR
31394,28,CB
32611,35o,RB
29530,28,CB
29739,5,P
27197,47,LS
30187,86,WR
31427,51,ILB
32195,28,CB
31397,36,SS
32452,44,OLB
26910,20,CB
33997,43,OLB
30634,49,OLB
31556,44,DE
33302,38,FS
25402,94,OLB
31754,37,FS
30709,83,WR
29607,56,OLB
33577,47,OLB
31262,25,CB
32467,48,LB
29890,64,NT
32389,20,CB
24535,14,WR
30576,56,DT
33270,56,OLB
32128,17,WR
32707,17,WR
26182,19,WR
29177,40D,SS
34020,49,LB
33400,16,P
32952,57,DE
32062,81,TE
32769,26,CB
29087,24,CB
33155,38d,SS
32471,59,OLB
30247,37o,RB
33944,42,OLB
32883,70,DE
33111,10,WR
32820,48,ILB
32403,38,CB
31438,21,CB
30516,19,WR
28497,17,WR
32358,5,WR
32732,83,WR
33093,90,DE
32162,99,DT
32382,22,FS
33363,27,CB
31484,86,TE
32164,91,DE
33906,41,RB
32625,82,WR
28536,42,LB
33051,93,DT
31946,45,LB
30119,49,ILB
31050,96,OLB
33568,27,CB
33913,93,NT
32593,20o,RB
33425,30,CB
29280,33,CB
33881,88,TE
32480,65,DE
28224,25,CB
28006,91,MLB
31066,34,RB
28172,57,OLB
32441,13,WR
29215,43,FS
33364,8,P
28238,49,TE
32114,48,OLB
31793,39,RB
32564,57d,OLB
32428,49,OLB
33853,37,CB
31277,32,RB
32515,46,TE
27882,25,CB
28121,22,RB
30986,93,DT
31981,76,DT
32048,31,RB
29634,84,TE
29975,42,FS
31058,45,ILB
33504,42,FB
31382,14,WR
30289,30,SS
29570,43,FS
31815,50,OLB
26578,33,FS
33208,87,TE
28620,94,OLB
25470,95,DE
32534,41o,TE
31284,64,C
32153,54,OLB
31829,36,CB
33832,28,S
32581,22,CB
31595,46,FB
30566,36,FS
29825,27,CB
30737,16,WR
30074,69,T
32042,35,FS
30503,57,DE
23740,45,LS
32106,29,CB
29297,39,FS
33700,52,OLB
27136,35,CB
32848,47,CB
33387,47,TE
30525,11,WR
32983,54,OLB
32063,22,RB
32840,45,LB
33093,74,DE
32831,38o,RB
32797,21,CB
29384,31,RB
28979,90,LB
32110,51,OLB
31103,98,DT
32583,48o,TE
32208,15,WR
32849,36,CB
31239,38,CB
33645,41,CB
31991,20,CB
29942,28,CB
26739,11,WR
31241,59,OLB
31035,85,TE
31999,59,OLB
32174,01o,WR
33549,42,OLB
32799,52,OLB
31123,24o,RB
28996,35,CB
32146,48,OLB
28171,93,DT
33531,49o,LS
28581,42,FB
25513,38,FS
33470,34,FS
33990,87,TE
27072,30d,SS
32443,53o,C
32112,14,WR
27705,42,CB
33819,20,SS
27653,43,FS
33435,41,CB
33477,46,OLB
32122,47,RB
30557,45,SS
32181,96,OLB
30805,85,TE
31208,40,DE
31413,20O,RB
33665,44,LB
31058,54,ILB
31894,38,S
31525,48,LB
31756,39d,S
28041,49,OLB
31862,49d,ILB
27862,93,DE
27187,45,LS
33298,45,DE
33533,38,CB
33979,85,TE
32916,42,CB
33872,33,SS
32776,32d,CB
31261,33,FS
31209,34,RB
32975,40,RB
28536,56,LB
28063,22,RB
33924,94,DT
32416,99,DE
33953,49o,TE
32864,48,TE
33930,20,CB
23534,2,P
26243,95,DE
29793,85,TE
33626,93,DT
32935,16,WR
30963,35,CB
30283,41,CB
32371,32,RB
32740,44,FB
28027,20,CB
30387,51,DE
31048,93,DT
30187,19,WR
31276,23,CB
32517,43,FS
31438,24,CB
31895,42,SS
33789,22,RB
33747,83,WR
30197,44,OLB
33296,40,RB
32210,55,DE
33680,85,TE
28011,39,RB
33457,59,ILB
32190,87,TE
30443,80,TE
31057,25,RB
31620,93,NT
30896,7,K
32072,83,TE
31878,31,CB
33461,52,ILB
30785,49,FB
31186,27,CB
32553,16,WR
32928,44,MLB
28497,11,WR
31020,27,CB
30518,96,DE
29250,58,OLB
32754,41,DB
27868,91,OLB
31121,85,TE
33633,19,WR
33887,56,OLB
28142,85,TE
33725,30,RB
30864,75,DE
31747,14,WR
30671,9,WR
32978,31,CB
32667,74,DE
30442,51,DE
29879,47,LS
26714,57,LS
31884,85,TE
32897,34,FB
30041,23,CB
30487,27,CB
30020,41,FS
32793,24,SS
32353,40,CB
32355,80,WR
32659,82,WR
30132,96,DT
27840,36,CB
33155,39D,SS
27375,26,CB
33572,39d,CB
31558,87,TE
33349,30,RB
32577,27o,RB
33503,37,CB
31847,53,OLB
33252,17,WR
33798,86,TE
29033,18,WR
31961,53,MLB
31954,85,WR
29818,1,WR
30317,43,FS
32363,39d,S
28702,13,WR
30425,95,DE
31156,69,LS
33374,44,FB
28093,84,TE
30665,49,SS
32517,20,FS
25406,22,FS
33926,26,CB
30741,45,FB
30757,98,NT
32765,13,WR
28133,55,OLB
32353,28,CB
29676,24,CB
28994,85,TE
31960,01o,WR
32694,89,WR
26725,55,OLB
31044,87,TE
31552,32,CB
33017,12,WR
32934,29,CB
27495,90,DE
33386,81,WR
33661,66,DT
31190,36o,RB
34050,36,DB
28995,87,WR
32515,84,TE
32584,1,K
30050,54,OLB
29415,17,WR
33024,98,DE
27139,86,TE
28952,2,P
32724,1,WR
31610,84,TE
33333,38,DB
32718,45,OLB
30109,53,OLB
29414,82,TE
31607,96,DE
28564,24,FS
31549,13,WR
33638,45,ILB
32052,56,DE
30404,25o,RB
33762,41,RB
33307,84,WR
32810,24,CB
32836,37,CB
32890,24,CB
32188,16,TE
32910,56,ILB
32090,36,RB
29414,44,TE
31026,58,ILB
33066,99,NT
32678,37d,DB
33912,75,DE
30033,52,OLB
33187,39,CB
31911,45,LS
29794,53,ILB
31687,25,RB
33839,12,WR
27215,82,TE
27647,32,FS
25920,50,ILB
30993,59,OLB
29792,55,OLB
33840,6,WR
34038,17,WR
28121,31w,RB
31208,42,DE
33147,50,ILB
32786,25,FS
29119,89,TE
22824,8,P
32195,35,CB
26142,95,DE
33122,91,DE
33812,33d,CB
33110,89,TE
32458,5,WR
33975,34,RB
33829,42d,S
29799,55,DE
32839,84,WR
30274,19,WR
32762,95,DE
30287,38,RB
33267,40,CB
32498,41,CB
32115,12,WR
32137,33,DB
32109,58,MLB
31085,45,FB
31738,36,SS
32755,18,WR
33911,13,WR
31027,49,OLB
28334,30,CB
31595,46o,FB
31838,45d,LB
28263,18,WR
29888,35,CB
33800,38o,RB
32262,21,SS
22839,51,OLB
32470,54,OLB
33494,57,ILB
31482,47,OLB
30530,25,SS
29901,5,CB
31232,21,CB
31687,31,RB
32586,48,LB
31259,22,CB
32470,58,OLB
32937,83,WR
32689,85,TE
31754,22D,FS
32951,11,WR
32889,91,DT
29829,28,CB
28954,20,SS
32815,81,WR
32767,36,SS
31360,53,OLB
33533,20D,CB
31768,33O,RB
31512,35,FS
30106,93,DT
31397,25,SS
33370,33,CB
29310,57,DE
33554,33,FS
31948,96,DE
30671,89,WR
32120,87,TE
33350,44,CB
30117,33,RB
32475,6,WR
31521,37,CB
33644,48d,LB
33112,84,TE
32323,39,ILB
29248,59,MLB
27245,57,OLB
30395,35,FS
32571,57,OLB
32830,41d,S
29975,42d,FS
33993,38d,DB
30491,24,SS
33876,96,DE
32623,44,OLB
32523,81,TE
30518,44,DE
31743,31,RB
30434,98,ILB
33681,84,WR
31009,1,WR
31686,60,DE
33861,40,CB
33894,43,FS
30228,21,CB
31151,20,CB
27135,82,TE
26180,21,CB
32581,35,CB
32860,92,DE
32361,92,OLB
32559,84,WR
32290,38,CB
31711,84,TE
31504,17,WR
33382,80,WR
27014,58,MLB
33021,19,WR
27691,19,WR
32322,38,FS
31955,43d,CB
33341,44,FB
33127,15,WR
26857,57,OLB
29958,25,FS
26844,65,LS
30121,95,DE
31688,22,CB
33307,6,WR
32786,41,FS
33280,22,RB
32776,32,CB
33029,32o,RB
24417,4,P
31167,80,TE
32438,39,CB
33090,86,TE
29123,7,P
30474,17,WR
32974,84,WR
31060,13,WR
31566,98,DE
30734,47,CB
30322,29,CB
31269,38,CB
30371,44d,DE
34046,9,DB
27064,26,CB
28903,88,TE
31707,50,ILB
28943,51,ILB
32641,38,CB
31267,40,SS
32933,32,CB
31262,23,CB
31732,86,TE
32479,45,FS
27793,84,WR
33736,39,FB
30574,73,DT
26512,90,DT
33826,43,CB
31394,33,CB
30062,23,CB
28008,50,OLB
30465,38,RB
32123,18,WR
29529,30,CB
28037,50,OLB
33622,16,WR
31363,3,P
31172,99,DT
33782,57,DE
29384,38,RB
33003,1,WR
28409,32,RB
30092,6,P
32705,84,WR
26964,98,DT
33332,87,TE
32939,48,SS
33678,41,MLB
32008,17,WR
27686,98,DT
32639,35,RB
32971,31,FS
31242,93,DT
24330,41,FS
31328,25,CB
33089,2,K
31972,17,WR
29815,46d,OLB
32745,45,TE
30559,26,SS
28202,25o,RB
33580,40,OLB
32987,36,CB
32740,97,FB
31257,10,WR
31509,54,OLB
27442,51,OLB
31635,14,WR
31065,94,DE
32484,68,OLB
32270,81,WR
30069,58,DE
30557,26,SS
32810,37,CB
33657,48,LB
29061,51,MLB
30080,42,SS
32715,40,S
33247,56,LB
32596,34,CB
25945,58,ILB
31968,45,TE
32798,34,CB
33738,53d,LB
33617,97,DT
32997,84,TE
28249,15,WR
31521,44,CB
33515,40o,RB
26151,21,CB
30558,52,OLB
29440,47o,TE
32924,50,ILB
30668,35,RB
30294,23,SS
33758,78,DE
33034,12,WR
30871,78,DT
27842,27,FS
29673,15,WR
33506,59,LB
31951,88,TE
31803,49,FB
32401,59,OLB
31890,53d,OLB
32682,46d,MLB
32157,39,CB
31787,84,WR
23368,91,DE
34006,59,LB
27985,84,TE
30743,18,WR
31815,52,OLB
31614,57,OLB
27736,23,FS
27763,41,CB
29676,21,CB
29068,40,FB
33778,36,S
26176,87,WR
27023,23,FS
32817,85,WR
33259,82,WR
26664,8,P
28664,6,P
31016,31,CB
32857,48o,LS
33731,49,SS
33299,31g,CB
32456,30d,CB
32938,75,NT
32007,47d,CB
29578,46d,MLB
32832,16,WR
31791,52,MLB
32312,80,WR
31079,16,P
28249,16,WR
33697,43,CB
30465,24,RB
30541,38,CB
33114,88,WR
29091,79,T
33073,90,DE
32770,43,CB
28114,17,WR
32573,48,ILB
29289,54,ILB
32780,24,RB
33146,14,WR
31563,33,CB
27232,38,FS
33046,95,DE
28345,48,RB
21146,93,DE
31932,16,WR
29255,54,MLB
33260,43,LS
33080,87,TE
30392,56,MLB
26156,41,CB
24278,55,DE
32221,56,OLB
33930,34,CB
26989,98,OLB
33041,25d,CB
33700,58,OLB
29319,15,WR
32839,15,WR
33022,37,SS
33006,85,WR
32782,28,RB
32902,27o,RB
33699,03o,RB
29112,56,DE
31119,33d,CB
33233,48,FS
33241,39d,S
30070,73,DT
33244,60d,LB
29510,34o,RB
28908,31,SS
33927,43,SS
33524,20,CB
29931,48,FB
31793,35,RB
32881,11,WR
31363,08d,P
31042,88,TE
31596,55,MLB
25495,90,DT
32557,86,TE
32323,45,ILB
30488,95,LB
31557,97,DT
33031,49,LB
32670,53,OLB
31514,11,WR
30711,32o,RB
33260,42,LS
30663,83,WR
31393,31,SS
29050,47,CB
33941,03d,FS
33264,06o,WR
27737,20,CB
31945,50,ILB
31997,95,DE
27124,26,FS
28249,10,WR
33669,3,WR
32351,2,WR
33576,85,TE
29294,46,CB
33803,12,WR
31960,81,WR
31371,90,DE
33619,3,P
30699,29,CB
31333,21,FS
30124,48,MLB
30087,30,SS
32485,30d,CB
32454,27,SS
32044,41,LB
31959,23,RB
33938,51,OLB
31944,24d,CB
32626,81,WR
27860,21,CB
29696,31,CB
33441,14,WR
30990,15,WR
32943,9,P
33113,59,MLB
33351,56,DT
32805,57,OLB
33274,25d,FS
30932,16,WR
33948,30,RB
30281,53,OLB
32738,38,CB
32894,53,ILB
30514,81,TE
29130,54,OLB
33915,56,OLB
30695,46,DB
30210,47,MLB
31354,57,ILB
28838,84,TE
30511,98,DT
32637,33,FS
28368,42,OLB
31972,15,WR
30529,54,ILB
33115,42o,LS
33595,79,DE
31357,42,CB
30856,12,WR
33420,52,MLB
33858,81,TE
30383,30,SS
32399,35,FS
30963,38,CB
29384,43,RB
33829,42,S
32832,15,WR
32598,33,CB
32619,57,OLB
31723,44,LB
31000,57,OLB
32801,83,WR
29955,53,OLB
33539,40,MLB
30463,53,OLB
32396,99,DT
26240,27,SS
32116,93,DT
31895,43d,SS
28374,86,LS
29414,84,TE
30412,29,SS
26027,44,LS
31177,96,DE
32065,5,P
32540,39,RB
32141,87,TE
25828,59,ILB
33389,34d,S
32298,34,RB
30061,86,TE
31331,35,CB
32905,46d,DE
33344,56,MLB
27704,54,ILB
33218,2,P
32914,46o,TE
33854,48,RB
32660,92,DT
31937,24,CB
30768,46,ILB
32932,85,TE
31102,35,RB
28662,39,CB
29958,30,FS
32185,81,TE
33072,94,OLB
29299,23,CB
31264,98,DE
33059,32,SS
30465,34,RB
31793,38,RB
29931,39o,FB
29660,16,WR
26502,99,DT
29692,9,P
31390,34o,RB
21140,56,DE
30994,90,NT
31059,28,FS
30695,26,DB
32377,39,RB
31697,87,WR
28011,4,RB
32685,86,WR
32766,78,T
30119,94,ILB
27195,25,SS
31072,40,SS
32094,44,LB
32060,57,OLB
33417,84,WR
33652,38,CB
31018,59,ILB
29000,11,WR
27416,42,SS
31315,14,WR
32114,53,OLB
34001,37,CB
32975,31,RB
27949,99,DE
32350,39d,SS
30640,36,SS
32926,15,WR
31565,99,DE
31922,82,TE
32942,29,CB
31232,32,CB
32934,33,CB
32815,19,WR
33316,26,FS
30449,99,DT
33084,38,CB
30470,89,TE
31788,88,TE
32390,41,CB
30883,97,DT
31332,33,RB
33308,22,RB
27440,37,CB
32732,85,WR
33525,52,OLB
25503,51,LS
30675,22,CB
32946,21,CB
28029,50,ILB
26280,39,CB
31682,28,RB
32628,29,FS
23173,92,LS
31328,35d,CB
31025,12,WR
32502,52,ILB
31700,35d,CB
27977,56,OLB
33677,2,S
32730,55,DE
26714,57S,LS
30535,42d,CB
33952,90,NT
31072,42,SS
33516,6,WR
33197,36o,RB
31116,38d,CB
30982,39,CB
33707,39,CB
30543,27,SS
32365,15,WR
26852,45o,FB
32758,28,CB
32674,50,OLB
31070,29,FS
33719,43o,RB
32892,59,OLB
33058,59,ILB
32276,88,LS
32214,81,TE
32955,51,OLB
32986,88,TE
31001,83,WR
31339,10,WR
31308,58,ILB
33937,84,WR
31931,49,OLB
33581,33,RB
33760,42,RB
31616,58,ILB
28368,49g,OLB
30114,33,FS
32423,11,WR
30669,12,WR
29269,12,WR
33620,89,WR
31729,57,OLB
27977,48,OLB
33254,63d,DE
33817,31O,RB
31484,82,TE
33421,82,TE
33024,93,DE
33851,46,LB
33586,39,CB
29205,39,RB
31948,95,DE
29129,10,WR
32444,41,OLB
33387,48o,TE
33246,48,TE
31743,33,RB
33791,40,FS
31414,36,CB
33818,31D,S
33064,99,DE
31982,75,DE
30615,41,LS
33462,30,CB
27187,43o,LS
33512,27,SS
29252,91,DE
32227,82,TE
33001,35,SS
28063,26,RB
33128,48,LS
34016,37,RB
30555,95,DE
30864,97,DE
33582,98,DT
34023,17,WR
31895,40,SS
32201,50,MLB
26516,4,P
33392,48d,OLB
32171,52,MLB
27218,43,RB
33132,20D,FS
33435,31,CB
31599,34,RB
32942,45,CB
30119,58,ILB
31176,24,CB
31357,29,CB
33527,35,SS
27725,81,TE
31884,82,TE
33918,31,CB
32708,59,LB
32734,57,OLB
32980,14,WR
31762,45,OLB
33572,39,CB
32620,37,SS
32405,64o,G
33364,5,P
30170,45,FS
33527,34d,SS
30710,88,TE
31555,32,CB
30241,95,OLB
31071,97,DT
32753,46d,LS
33824,95,LB
29691,26,FS
28198,44,RB
32929,47,OLB
30767,31,SS
28445,38,FS
29208,95,DT
31617,86,TE
33903,27,SS
33021,15,WR
26142,56,DE
33445,50,OLB
33854,44,RB
31102,39,RB
29394,11,WR
34010,89,TE
31801,11,WR
32342,6,WR
33606,51,ILB
32133,23,RB
33961,53,OLB
27114,6,P
30135,19,WR
33954,55,ILB
30807,6,WR
33227,39d,CB
33449,9,WR
32491,49,OLB
33838,33,RB
32788,24d,CB
32710,38,CB
28924,39,FS
24183,24,CB
32386,51,OLB
27952,94,DE
27808,97,OLB
30743,15,WR
29878,48,TE
28454,58,OLB
31868,18,WR
31542,50,LB
32753,46,LS
32828,75,DE
32240,44,OLB
32956,32,FB
29959,46,LS
30272,49o,TE
32689,49w,TE
31271,40o,FB
31935,94,OLB
26564,99,NT
31363,5,P
28082,33,SS
31431,11,WR
33780,50,ILB
30386,92,DE
33399,59,ILB
31350,52,ILB
28121,28,RB
29298,30,RB
32688,83,WR
33379,6,WR
32357,65d,DE
30459,32,FS
33642,50,MLB
31411,90,DE
28823,66,OLB
26307,93,OLB
32451,87,WR
29141,46,RB
33053,28,FS
32735,40,CB
32924,44,ILB
32633,93,OLB
32993,40,RB
32741,43,RB
29418,52,OLB
30579,75,T
31680,27,SS
31933,92,DE
33153,85,TE
31587,28,CB
28100,55,OLB
32823,35,CB
27684,90,DT
32560,45,FS
22927,56,ILB
27022,98,OLB
24237,91,OLB
30425,71,DE
27235,35,SS
29422,37,FS
32362,13,WR
30576,95,DT
31286,49o,TE
31902,58,ILB
32682,46,MLB
24429,39d,CB
32390,24,CB
31244,58,OLB
33526,32,RB
30403,30,CB
30968,41,FB
32322,23,FS
30797,87,WR
30117,33O,RB
28409,35,RB
31404,31,SS
33445,35,OLB
30770,52,MLB
33240,42,TE
32656,86,WR
33481,7,WR
29294,30,CB
31600,12,WR
32607,67d,DE
30544,89,TE
32719,56,DE
30541,25,CB
32283,39,RB
31290,59,MLB
29653,91,DT
32759,98,DT
33666,69,OLB
33532,40,ILB
32369,72,DE
28987,89,TE
32098,85,TE
31940,96,DE
33375,04O,WR
28041,49d,OLB
25421,51,MLB
31704,53,ILB
33591,85,WR
33598,54,DT
33099,87,TE
32475,19,WR
33907,94,DE
30023,37,SS
29683,23,RB
31090,25,CB
29212,59,OLB
27825,82,TE
33363,37,CB
31986,30o,RB
32631,20,CB
32460,46,ILB
32820,62d,ILB
26935,23,CB
33980,46,FB
32385,87,WR
32393,22,RB
31571,26,SS
31847,49,OLB
33509,57,LB
33792,30,SS
32515,86,TE
33107,22,CB
27988,21,FS
31232,30,CB
31661,45,OLB
34004,1,WR
31770,28d,S
33918,31d,CB
28497,1,WR
33063,64,LS
31982,95,DE
33810,44,CB
32353,40d,CB
33841,53,OLB
34027,88,WR
32456,30,CB
32377,34,RB
32218,18,WR
31414,23,CB
20712,92,OLB
33068,45d,LB
28846,25,FS
33563,91,DE
32741,25,RB
30010,51,OLB
31506,19,WR
32562,89,TE
31376,21,RB
28081,26,CB
27777,55,OLB
34029,48d,LB
20578,3,K
31790,41,S
33531,49,LS
33242,54,OLB
32521,40,CB
31055,44,RB
29053,59,DE
30448,99,DT
30740,33,S
27861,26,RB
27905,46,FB
30278,51,ILB
33143,87,WR
27914,34,SS
30288,33,RB
33574,91,DE
27657,99,OLB
32859,97,DT
32127,44,DE
32873,27d,S
27853,21,CB
32807,42,SS
27763,29,CB
31349,61,C
29412,75,DE
33813,35,S
27855,93,NT
30826,47,CB
32708,50,LB
28424,91,DT
33118,32,RB
32979,58,ILB
29630,90,DE
32931,40,CB
33001,26,SS
31193,93,NT
32041,28,CB
31585,83,TE
33070,35,CB
30114,21,FS
33892,26,FS
32834,25d,CB
32977,81,WR
32115,16,WR
29585,55,DE
29869,51,ILB
29594,55,ILB
29660,87,WR
32198,24,FS
32431,14,QB
32421,20,SS
30312,37,SS
32523,83,TE
33951,25,RB
23259,57,OLB
25489,96,DE
33753,84,WR
31155,40,MLB
28029,57,ILB
31943,53,ILB
29543,71,T
31570,14,WR
33274,37,FS
32802,50,ILB
28441,39,SS
32464,83,WR
27067,49D,FS
32004,45,TE
32717,69,DE
33579,25,FS
32942,27,CB
32774,26d,SS
31140,81,TE
32378,99,DT
29738,87,TE
28102,23,CB
31059,34d,FS
31300,93,DE
29794,56,ILB
31138,53,ILB
28339,97,DE
32007,47,CB
30752,91,OLB
30154,14,WR
29119,86,TE
32034,69,DT
29492,49,FB
30000,10,WR
31834,18,WR
32627,43,OLB
28080,97,DT
33855,14,WR
24495,55,OLB
30860,26,RB
31728,49,ILB
33604,85,WR
29600,50,DE
33603,48,DB
33748,38o,RB
29010,65,G
30807,81,WR
31859,94,OLB
29588,47,RB
26253,20,FS
32664,48,MLB
33725,30o,RB
26932,30,RB
31518,40,OLB
32006,82,TE
31876,6,P
28121,6,RB
31243,27,RB
32366,46d,ILB
33646,42,CB
32497,69,LS
33137,46,TE
32985,49D,CB
31105,94,DE
32791,19,WR
30504,71,G
33735,85,TE
28836,57,MLB
27608,18,WR
32896,8,P
32617,40,CB
33779,32,CB
33742,46o,TE
30687,53,OLB
28007,88,TE
32480,54,DE
32486,57,LS
28946,46,LS
29388,10,WR
32070,13,WR
33685,58,LB
29534,83,TE
28368,56,OLB
32922,25,SS
28958,46,TE
30487,29,CB
32477,45,CB
31175,54,DE
29795,26,RB
32113,80,WR
31364,90,OLB
29697,82,TE
33452,47d,MLB
32160,16,WR
32063,39o,RB
29257,94,DE
30707,86,TE
31706,47o,FB
27943,21,CB
32470,59,OLB
31298,25,CB
32168,26,CB
33902,92,OLB
27877,90,DT
33339,37,SS
29107,33,SS
31119,40,CB
31690,83,TE
30080,28,SS
31175,91,DE
27560,50,OLB
33640,43,FB
32408,50,ILB
27856,93,DT
32482,2,WR
32851,43d,ILB
31228,18,WR
31181,37,SS
21140,90,DE
32659,18,WR
30395,20,FS
33776,53,OLB
31609,83,TE
32554,1,WR
29575,26,FS
33950,22o,RB
31606,41,DB
31729,50,OLB
33991,09o,WR
32959,17,WR
29295,20,CB
33840,16,WR
32369,72d,DE
32770,36,CB
32014,30,CB
31260,82,TE
31549,17,WR
32803,31,CB
32494,48,LS
30963,35d,CB
33675,35,FS
31624,53,OLB
30072,79,DT
33060,88,WR
32261,90,DT
31829,23,CB
28495,94,DE
28064,29,RB
28256,70,DT
26186,14,WR
33699,3,RB
30283,21,CB
31768,37,RB
29343,86,WR
32540,33,RB
28600,96,ILB
33476,48,ILB
30073,31,SS
29612,38o,RB
31756,39,S
33547,41,ILB
31056,84,WR
23013,39,CB
33146,9,WR
33704,49,OLB
31625,22,RB
30317,36,FS
33246,82,TE
31097,39,CB
31597,33,CB
31361,58,OLB
33884,27,CB
26233,41,OLB
33120,97,NT
31023,81,WR
31338,31,SS
31660,49,TE
32582,81,TE
32190,82,TE
32350,39,SS
33548,33,CB
31953,18,WR
27816,80,WR
31597,21,CB
31728,56,ILB
33987,25,DB
29568,97,DT
33299,31,CB
27720,97,DT
30171,85,TE
32273,38,CB
33596,27,RB
32814,30,CB
24421,41,FS
32410,36,CB
29714,48,LS
31991,31,CB
33849,46d,ILB
32189,97,LB
33757,49,TE
32913,41,CB
32737,37,FB
33199,59,LS
30129,48,TE
33396,26,S
31474,40,CB
32906,44,OLB
32707,81,WR
28128,42,SS
31574,97,DT
32394,81,TE
32550,17,WR
33095,45,TE
30519,31,CB
22247,29,FS
32907,27d,SS
33373,33,RB
33062,30,RB
31994,48,LS
28292,50,RB
31806,39,RB
31612,22,FB
33544,31,CB
28912,55,OLB
26679,6,P
33947,91,DE
32114,48d,OLB
28284,48,LS
32572,42,LB
29627,58,DT
27069,85,TE
33281,29,CB
33561,34,RB
32838,35,RB
28394,44,LS
32387,90,DT
34035,82,WR
29329,31,CB
32041,31,CB
31857,39,CB
29688,92,NT
30758,80,TE
27996,82,WR
33392,48,OLB
33455,40,TE
32166,10,WR
32136,37,CB
30000,84,WR
30806,85,TE
31509,44,OLB
33467,29,CB
32319,88,TE
31063,25,FS
31628,27,CB
32819,47,SS
32852,45,NT
31630,25,CB
33952,68,NT
27756,97,DT
30457,95,DE
30147,89,WR
32945,81,WR
33174,64d,DT
33588,98,DE
32379,24,CB
26069,35,FB
27753,49,TE
31719,45,MLB
31462,84,TE
32515,81,TE
33721,35,CB
32576,9,CB
31673,30d,CB
31815,55,OLB
32171,50,MLB
32574,97,NT
31208,58,DE
32724,16,WR
31365,50,ILB
30153,42,DB
31989,29d,SS
33295,35,RB
32783,36,CB
30836,42d,DB
33049,34,RB
31930,48,OLB
33551,32,CB
29191,35,CB
26855,30,RB
30699,27,CB
33875,43,ILB
30921,95,DT
31846,16,WR
31019,63,C
29272,53,OLB
28042,88,TE
32615,59,LS
32905,46,DE
31348,59,ILB
32048,34o,RB
31806,34o,RB
32794,86,FB
30682,37,FS
24323,73,G
33845,36d,CB
32415,99,OLB
30154,85,WR
29577,59,ILB
32489,38,S
29606,22,FS
33587,31,CB
32851,45,ILB
33567,23,RB
33067,59,ILB
33598,99,DT
33009,83,WR
30484,21,CB
33185,99,LB
32652,16,CB
33842,37,RB
33883,22,SS
29764,38,FS
30247,38o,RB
26194,98,DE
30822,83,TE
30769,34,FS
31728,59,ILB
32580,31,CB
30484,27,CB
32851,43,ILB
33242,56,OLB
27822,69,DE
29958,23,FS
27103,10,P
32061,96,DT
31418,87,TE
32326,30,CB
32552,38,CB
33756,47d,CB
32781,98,DE
27859,73,T
31267,32,SS
32676,41,CB
27682,56,ILB
31309,50,OLB
31940,92,DE
33890,36,SS
31939,31,RB
32995,15,WR
30578,84,WR
26289,22,RB
32421,36,SS
33362,41,CB
29051,17,WR
27145,1,P
31502,4,P
25999,56,MLB
30711,32,RB
33734,30d,CB
25555,20,FS
32123,10,WR
33852,40,OLB
32486,86,LS
32786,41d,FS
28932,54,ILB
33074,92,OLB
32102,44,OLB
32608,56,OLB
23742,9,P
31352,9,CB
27918,16,WR
32170,13,WR
27195,31,SS
30039,30,RB
32344,67d,DE
26289,34,RB
31000,51,OLB
33552,27,CB
27651,33,RB
33700,53,OLB
31810,40,CB
30780,89,TE
26944,41,CB
26935,33,CB
28027,24,CB
30171,86,TE
32081,48,ILB
29931,42,FB
32331,42o,LS
32403,32,CB
30547,16,RB
30881,95,OLB
33835,46,LB
27375,24,CB
31331,26,CB
27675,84,TE
28074,42,FB
27732,84,TE
31680,39,SS
31590,23,RB
31939,34,RB
33699,03d,RB
33738,41,LB
28441,32,SS
31678,40,SS
30048,90,DE
28825,11,WR
32115,83,WR
27067,25,FS
31939,31o,RB
32884,51,MLB
33041,25,CB
30093,60,DT
29004,25,RB
28022,54,ILB
30456,25,RB
31188,24,CB
33640,43o,FB
31462,86,TE
33452,47,MLB
31826,38,RB
33213,41,DB
27668,51,ILB
29177,40,SS
27663,50,ILB
27743,27,CB
32970,48,OLB
33430,31,CB
32472,38,FB
32256,88,TE
30411,26,CB
31754,32D,FS
33739,1,WR
31291,86,WR
33880,90,DE
29898,01d,CB
32332,38,DB
33195,48o,RB
30412,25,SS
30914,83,WR
33649,43,SS
32371,20,RB
31397,24,SS
32215,57,OLB
31175,55,DE
31854,14,WR
30559,33,SS
33235,39o,FB
32566,93,DT
31740,46,ILB
31864,86,TE
30881,57,OLB
33553,30o,RB
33295,25,RB
33180,9,WR
33147,58,ILB
33460,15,WR
28017,80,WR
33953,49w,TE
33443,25,SS
30427,36,FS
33828,37d,CB
31186,25,CB
31900,45,RB
27840,35,CB
27861,26o,RB
30982,47,CB
29643,59,OLB
33905,65,DT
33411,82,WR
31585,80,TE
29795,30,RB
30405,9,P
32496,33d,SS
32498,45,CB
33381,70,DT
32009,10,WR
33048,35,SS
31876,2,P
29744,45,ILB
32525,26,FS
33746,79,DE
31482,43d,OLB
27691,12,WR
33360,86,TE
26944,24,CB
32677,58,ILB
31254,96,DT
30282,30,RB
32360,37,CB
25405,20,CB
29799,56,DE
28091,14,WR
30990,13,WR
32802,43d,ILB
32012,15,WR
31170,93,DT
29409,95,OLB
29294,31d,CB
28092,25,CB
33973,47,OLB
28130,5,P
30519,39,CB
33538,72,T
33978,4,P
31782,17,WR
27224,46,LS
32684,91,DE
32322,27,FS
29336,10,WR
27725,84,TE
31785,32,CB
33376,42,DT
29033,8,WR
32437,54,OLB
28173,38,SS
31996,82,TE
34025,02o,WR
33589,83,WR
30286,58,OLB
26672,50,OLB
33783,23,CB
30109,48,OLB
32980,84,WR
30263,34d,CB
27256,26,SS
33010,92,DT
24306,92,DE
31913,18,WR
32269,96,DE
31338,29,SS
29979,58,OLB
25555,36,FS
30556,37,CB
33655,18,WR
33613,45,RB
30463,56,OLB
31957,99,DT
29542,24,CB
29294,31,CB
31548,30,CB
29714,49,LS
28441,23,SS
31619,95,DE
29214,39,CB
31081,91,DE
31290,53,MLB
32733,42,OLB
31628,27d,CB
32372,5,WR
27882,21,CB
31021,84,WR
33885,85,TE
33762,41o,RB
29612,38,RB
27069,80,TE
32117,84,TE
34042,47,DB
32829,46,CB
29529,24,CB
34016,37o,RB
32697,39,FS
30548,35,SS
31531,40o,RB
29304,3,P
31645,10,WR
32508,89,TE
29129,8,WR
28536,50,LB
29329,23,CB
29729,46o,FB
32644,1,P
32212,23,CB
30792,64,G
33556,29o,RB
31372,29,CB
33309,3,WR
31253,24,CB
32435,69,DT
31860,37,FS
30523,36,CB
31773,47,CB
32521,31,CB
31738,39,SS
33291,16,WR
33900,20,DB
33808,42,S
27115,29,FS
31657,27,FS
28202,25,RB
32513,50,LB
28767,41,CB
27872,25,CB
30789,26,RB
32442,52,ILB
30384,44,OLB
31811,42d,S
26832,52,OLB
31813,45,FB
28767,24,CB
30502,47,OLB
33271,69d,DE
28795,34,RB
31328,35,CB
33615,48o,TE
32251,23,FS
33967,39,RB
31994,44,LS
30421,51,OLB
31847,52,OLB
30575,29,CB
28411,15,WR
29479,59,OLB
31158,25,RB
28031,23,FS
33719,43,RB
32211,16,WR
24272,17,WR
32672,36,RB
29575,36,FS
30396,56,OLB
32392,81,TE
27057,15,WR
30644,43,S
31951,80,TE
32667,95,DE
30538,37,SS
30069,97,DE
31118,10,WR
33188,54,LB
33424,49,MLB
31057,25o,RB
32895,57,OLB
27958,99,DE
33604,81,WR
32615,49,LS
31025,15,WR
30802,20,CB
32107,95,DE
32653,2,WR
27957,20,CB
31814,96,OLB
29308,87,TE
33523,95,DE
31818,15,WR
31156,48,LS
32531,7,P
33266,87,WR
31383,41,CB
32350,42,SS
31950,57,OLB
31040,52,OLB
31608,28,SS
30700,54,ILB
27865,55,DE
30892,69,DT
30577,96,DT
31702,59,ILB
28278,57,ILB
32496,41,SS
25401,24,CB
29529,21,CB
30131,40d,OLB
32426,36,RB
33076,26,SS
32257,29,RB
32900,85,TE
30400,15,WR
27652,20,FS
33432,41,CB
32868,61d,OLB
32137,38,DB
32365,82,WR
33356,55,LB
24258,41,SS
33038,21,FS
27816,87,WR
33339,36,SS
33941,3,FS
33047,30,CB
34000,80,TE
32228,49,LS
32864,49o,TE
27988,40,FS
31140,83,TE
31533,86,TE
33648,89,TE
24227,92,DT
29205,38,RB
33324,64,DE
27831,44d,ILB
30385,50,ILB
31934,19,WR
28172,54,OLB
26994,91,DE
33050,25,CB
30382,51,MLB
32131,95,DT
31922,86,TE
27081,27,FS
32098,83,TE
33124,23,CB
28003,97,DT
33520,34,CB
29984,6,P
32402,91,DT
33142,6,WR
30770,50,MLB
33315,46o,TE
31989,29,SS
27044,90,DE
30691,88,WR
31684,14,WR
30644,35,S
33997,41,OLB
30410,3,P
31189,13,WR
31768,37o,RB
30290,17,WR
29729,35,FB
31577,37,RB
27002,52,OLB
29048,29,RB
33091,26,CB
31968,88,TE
30685,33,RB
33220,35d,S
32150,20,CB
32881,87,WR
33541,97,DE
33324,64d,DE
33939,45,OLB
27155,23,RB
31327,81,WR
29391,84,TE
32664,48d,MLB
30640,46,SS
33945,50,OLB
30650,41,OLB
30697,98,DT
28050,11,WR
33940,94,DT
31733,30,CB
33091,20,CB
29658,38,CB
33084,38d,CB
26160,21,CB
24348,95,DT
32089,82,TE
31968,45o,TE
26714,57o,LS
31236,10,WR
32949,94,DE
31525,49,LB
28121,31o,RB
30090,23,SS
31166,10,WR
32592,20D,SS
28059,43,FS
30801,16,WR
33608,35d,CB
33267,31,CB
33790,50,OLB
33125,53,MLB
32195,41,CB
32430,89,TE
32782,28o,RB
33796,37o,RB
33056,57,OLB
31680,35,SS
33559,80,TE
32379,28,CB
33466,84,WR
30287,38o,RB
29669,54,OLB
31186,20,CB
33772,89,WR
31258,97,OLB
32650,81,TE
33025,30,RB
32964,39,RB
30696,9,P
30421,91,OLB
30405,18,P
32876,81,WR
30240,7,WR
32267,32,CB
31551,91,NT
32663,33d,CB
33269,2,P
29844,57,OLB
27881,55,DE
30401,47,OLB
31084,37,LB
33674,36,S
33366,16,WR
31016,37,CB
31770,28,S
29626,22,RB
31861,43,FB
33434,85,WR
32894,49,ILB
30529,55,ILB
27685,10,WR
30776,72,DE
32298,48,RB
33413,38,RB
30131,40,OLB
33495,43,S
29614,19,WR
32676,35,CB
26298,47,TE
22455,48,LS
28100,56,OLB
33306,83,WR
32679,19,WR
30539,27,CB
33463,58,DE
33096,90,DE
30507,96,NT
32978,31D,CB
33103,25,CB
30675,25,CB
30558,51,OLB
33294,36,FS
30670,16,WR
31907,39,CB
30027,49d,OLB
33404,76,LB
32902,27,RB
33914,47,OLB
30687,45,OLB
33475,48D,LB
31331,28,CB
29770,54,ILB
30539,21,CB
32578,74,DT
32468,47,LB
32987,41d,CB
27991,99,DT
33567,25,RB
30196,38,SS
33955,33,RB
31331,40,CB
28083,32,RB
27733,31,SS
28015,99,DT
32448,64d,DE
29729,46,FB
23853,5,K
26957,46o,TE
32050,43,FS
29033,14,WR
31609,86,TE
32749,39,FS
29690,22,CB
33442,36,CB
31276,37d,CB
30455,98,DT
30556,23,CB
32439,42,LS
33062,33,RB
32683,43,DB
32060,58,OLB
28019,43,CB
31962,15,WR
27745,92,NT
31806,34,RB
32839,17,WR
31733,41,CB
27033,99,DE
28249,11,WR
25472,92,NT
33405,5,CB
31425,91,OLB
32964,39o,RB
33024,67,DE
31158,34,RB
33860,56,DT
29747,31,FS
27723,96,NT
33699,30,RB
30079,98,DE
31929,53,OLB
33410,32,CB
22017,5,P
22999,29,FB
32661,84,TE
33453,38,CB
27744,22,CB
27941,99,NT
28834,52,OLB
30112,40,FB
27968,96,DE
24061,22,CB
29601,82,TE
32650,88,TE
30104,50,ILB
29612,43o,RB
32593,34,RB
32602,21,WR
31102,26,RB
30161,30,SS
32417,28,RB
29744,57,ILB
32851,45d,ILB
31414,30,CB
31560,11,WR
30181,84,TE
31911,59,LS
32914,46,TE
31624,51,OLB
33405,33,CB
25506,73,G
32857,48,LS
30380,93,DE
29793,86,TE
32986,49o,TE
31763,14,WR
33366,88,WR
31255,96,OLB
27730,54,LB
31171,52,MLB
31629,28,SS
32958,34,SS
32347,83,TE
32627,52,OLB
31946,55,LB
33028,45,LB
30294,22,SS
33729,1,P
33969,60,DE
32618,89,TE
26990,27,SS
31811,42,S
32111,47,OLB
33571,58,OLB
31826,43,RB
32545,45,LB
33540,98,DE
28434,89,WR
33628,45,CB
32860,68d,DE
29888,26,CB
32994,57,OLB
29617,46,OLB
25434,52,OLB
33121,93,ILB
32856,35,CB
32438,26,CB
30916,36,SS
33986,43,LB
30039,30o,RB
28954,21,SS
29639,30,CB
31389,20,FS
33086,49,LB
32290,37,CB
32621,87,WR
33024,63,DE
30519,4,CB
32820,62,ILB
33857,19,WR
33040,10,WR
31343,29,SS
27704,56,ILB
33084,29,CB
31338,23,SS
27557,46,LS
32657,99,DE
32912,88,WR
32673,36d,S
26105,95,DE
33985,33d,CB
33200,9,P
32708,47,LB
30391,25,RB
33043,86,TE
25630,46,LS
32747,44,RB
33481,19,WR
33115,44,LS
33815,1,WR
31801,18,WR
32034,90,DT
33917,58,DE
31328,37,CB
31678,25,SS
33659,43,ILB
33397,35d,S
29287,59,ILB
31959,34o,RB
32944,41,S
33557,44,OLB
30756,43o,RB
31052,26,CB
33794,44,OLB
31866,79,DE
31511,11,WR
31867,50,S
32057,29,SS
32735,26,CB
32505,1,P
33409,16,WR
33908,18,WR
31799,41,FS
31753,22,CB
33214,48,LB
33140,49,ILB
31915,53,ILB
29414,85,TE
32508,84,TE
33977,39,DB
31313,58,MLB
32343,36,SS
33055,20,CB
33611,86,TE
26945,39,CB
29795,23,RB
29657,96,DT
33482,06d,CB
27980,50,DE
31326,10,WR
32341,81,WR
32847,15,WR
29319,11,WR
30424,54,DE
32643,23,CB
28091,12,WR
33786,98,DT
32438,49,CB
32213,57,LB
32716,86o,TE
29239,38,RB
31344,14,WR
33716,46,MLB
31531,35o,RB
32333,16,WR
32482,45,WR
33849,46,ILB
28000,30,RB
30451,25,CB
32486,46o,LS
31956,56,OLB
27718,80,TE
34048,34d,CB
30450,11,WR
32871,75,NT
27940,58,OLB
30160,95,OLB
32757,35d,CB
29740,80,TE
30127,31,CB
27962,94,DE
33898,21,SS
27125,86,TE
33282,10,WR
29562,54,OLB
31754,31,FS
24232,52,OLB
32132,76,G
23298,91,LS
33765,51,ILB
27654,17,WR
32082,40,RB
26294,43,OLB
30682,27,FS
22045,23,CB
30280,34,RB
30572,31,CB
31716,4,P
30449,92,DT
31080,39,CB
32674,55,OLB
27840,27,CB
32704,36,CB
23750,94,DE
32875,46,CB
31273,84,TE
30699,30,CB
30659,17,WR
33468,45,ILB
33239,49,S
33155,38,SS
31173,26,SS
31018,52,ILB
27136,30,CB
31346,78,DT
32465,21,CB
33556,29,RB
31713,94,DT
27871,56,OLB
31304,93,DE
26232,56,DE
28237,15,WR
33193,25,RB
26983,88,WR
31312,39,FS
29647,51,OLB
32134,87,TE
28051,38,CB
32730,47,DE
28872,6,P
27232,35d,FS
24272,14,WR
34031,35,CB
33086,51,LB
27835,20,SS
31688,35d,CB
32198,39,FS
29641,98,DE
26852,36,FB
29159,15,WR
27495,96,DE
33403,75,DE
30768,46d,ILB
30528,23,CB
33921,12,WR
34015,02o,WR
30091,12,WR
32609,9,WR
30650,35,OLB
34024,49o,TE
29910,82,TE
32491,54,OLB
33492,34d,CB
29608,13,WR
31870,29,SS
32663,39,CB
28063,7,RB
32593,31o,RB
33941,25,FS
32006,85,TE
32602,37,WR
33393,42,CB
33961,49,OLB
22824,2,P
26493,46,LS
30471,36,SS
33973,56,OLB
32793,29,SS
30088,92,NT
30049,89,TE
32115,13,WR
33710,43d,CB
30273,65,G
32284,66,LB
31098,39,FS
29417,93,DE
31511,18,WR
30090,33,SS
26764,14,WR
33115,62,LS
30282,30o,RB
31015,23,CB
29493,9,P
32972,23,RB
31844,22,SS
32449,4,P
32873,27,S
29629,54,ILB
33231,7,WR
31264,94,DE
29087,23,CB
30523,21,CB
30275,30,CB
33395,29,CB
27701,97,DE
28038,21,SS
33978,04s,P
31755,28,SS
30050,55,OLB
31961,46,MLB
31687,35,RB
29693,54,DE
31757,8,WR
27197,49,LS
28024,97,DE
29545,57,OLB
32480,75,DE
32108,23,FS
33123,91,DE
30491,39,SS
32498,47,CB
32398,10,WR
33269,02d,P
32804,36,RB
31112,5,K
32120,85,TE
33086,59,LB
33784,39,FS
33635,47,OLB
33706,82,WR
32417,39o,RB
30371,44,DE
31598,86,TE
32426,34,RB
30142,9,P
30854,86,TE
30541,33,CB
32918,30,FB
33415,2,FS
30113,12,WR
24338,94,NT
32960,48,OLB
32130,45,FB
33420,58,MLB
32371,22o,RB
32848,25D,CB
30563,45,OLB
29289,56,ILB
32464,84,WR
32643,39,CB
32916,24,CB
30469,39,CB
33304,32,RB
27680,31,SS
29129,81,WR
31614,58,OLB
31862,49,ILB
24429,21,CB
27573,98,DE
30240,16,WR
32265,97,DE
32439,42O,LS
32239,31,CB
27885,98,NT
27925,46,FB
31420,2,P
31657,43,FS
32937,13,WR
30073,27,SS
32129,58,MLB
32464,19,WR
32728,06o,WR
31818,12,WR
23441,24,CB
33191,50,LB
32143,55,DT
30106,52,DT
29876,38,CB
30957,42,LS
33299,31d,CB
33456,61,DE
30634,49m,OLB
33671,38,CB
29065,29,CB
33181,47,DB
28149,49,FB
31676,94,DT
33268,40,RB
32880,57,LB
30518,52,DE
33082,62,G
24030,92,DT
31947,95,NT
33530,19,WR
30705,40,RB
28443,57,OLB
31312,30,FS
29134,48,LS
31021,10,WR
32940,33,RB
26175,24,CB
33710,30,CB
28075,41,CB
31101,48,OLB
30551,6,P
28082,49,SS
26393,45,FB
33770,34,CB
30527,52,ILB
30064,57,ILB
33078,81,WR
31796,22,CB
31878,40,CB
32743,46,TE
33044,43,CB
31793,39o,RB
32682,49,MLB
28103,92,OLB
33069,13,WR
31235,13,WR
33348,39,RB
27812,57,OLB
32543,12,WR
26957,82,TE
31304,94,DE
33338,82,TE
33087,86,WR
33129,94,DE
33079,80,WR
32277,16,WR
33001,36,SS
32080,2,WR
29815,51,OLB
33094,17,WR
33298,55,DE
33931,42,FS
28069,31,CB
33040,81,WR
32059,25,CB
31334,22,CB
27975,93,DE
32320,41,SS
27378,42,SS
31949,27,CB
30274,16,WR
31020,40,CB
32967,92,DT
33037,92,DT
28845,47,LS
27997,15,WR
33543,22,CB
29053,56,DE
32724,11,WR
30710,47,TE
27812,97,OLB
33775,58,OLB
32425,52,MLB
33222,87,CB
31039,53,C
33157,42,S
26283,32,CB
23564,43,RB
31613,56,LB
32888,42,SS
31491,52,ILB
29942,20,CB
29755,87,TE
29329,27,CB
28899,23,FS
25396,19,WR
31882,43,SS
30573,91,DT
33306,1,WR
30897,6,WR
33215,13,WR
32979,50,ILB
31625,35o,RB
30761,48,ILB
32165,22,CB
24217,22,RB
32271,20,CB
33925,27,RB
27187,43,LS
31041,23,CB
30288,34o,RB
32817,83,WR
34034,4,WR
31999,53,OLB
32062,84,TE
33402,18,WR
28918,89,WR
33006,19,WR
31009,18,WR
31875,32,RB
28116,19,WR
24278,56,DE
32412,94,DE
33697,43d,CB
30035,19,WR
29033,83,WR
31307,35,SS
33430,26,CB
31366,20,ILB
32519,41,LB
31592,54,DT
31420,9,P
28454,55,OLB
33693,59,DE
33449,19,WR
27894,53,MLB
33083,27,FS
30703,44,CB
29142,27,SS
31588,14,WR
33149,85,TE
33133,26,CB
32606,86,TE
30786,38,RB
33316,49d,FS
33562,10,WR
27218,44,RB
33966,84,TE
31521,20,CB
31113,75o,T
27875,75,T
33573,18,WR
32607,67,DE
33150,83,WR
27951,90,DT
33334,83,WR
29747,37,FS
29977,38,RB
26618,72,DE
33566,20,CB
31121,82,TE
31272,31,S
33318,47o,FB
31856,36,OLB
33283,54,OLB
29008,47,LS
32524,19,WR
31553,55,ILB
33408,91,DE
32689,45,TE
31757,13,WR
31161,59,OLB
32287,19,WR
33258,47,TE
25406,33,FS
31075,28,RB
32858,49,LB
27321,87,TE
33305,19,WR
30288,34,RB
31584,38,FS
30519,04d,CB
26144,20,RB
32366,44,ILB
33916,18,WR
32552,38D,CB
31313,59,MLB
30451,39d,CB
33845,36,CB
31433,70,G
30263,38,CB
30216,89,TE
27737,24,CB
30577,92,DT
33957,12,WR
32415,91,OLB
32137,36,DB
31583,97,DT
31591,41,DB
32891,26,CB
33616,39,RB
30659,10,WR
32440,38o,RB
34005,39,CB
31061,36,CB
31710,16,WR
29942,26,CB
32810,32D,CB
32465,01d,CB
32795,16,WR
28006,49,MLB
31218,21,CB
29553,20,FS
23449,56,ILB
30767,23,SS
32582,44,TE
30322,36,CB
33895,81,TE
31912,81,WR
32853,44d,LB
29946,95,NT
29388,14,WR
32546,28,CB
31089,94,DT
33019,28d,CB
33989,35,CB
31120,53,MLB
33315,83,TE
31084,47,LB
30656,34,RB
29314,49,CB
31687,31o,RB
30120,1,RB
23177,59,LS
30458,44,OLB
30025,96,DT
33013,40,FB
28059,31,FS
30290,83,WR
32064,18,WR
33384,39,RB
32629,43,ILB
31316,49d,LB
32710,37,CB
30469,35,CB
27657,58,OLB
31297,55,OLB
31885,35,RB
29578,57,MLB
31562,58,DE
32617,29,CB
28111,41,CB
33859,80,WR
33181,43,DB
26330,77,DT
31594,36,CB
26672,53,OLB
31487,19,WR
29048,22,RB
33878,25,CB
25549,87,TE
27705,21,CB
33173,35o,RB
29586,95,DE
32448,64,DE
31625,35,RB
33132,31,FS
26267,83,TE
29739,10,P
29815,47,OLB
32450,36,RB
33407,81,WR
32413,98,DE
32363,39,S
32689,49o,TE
32577,27,RB
32484,59,OLB
28368,49d,OLB
27825,49,TE
32652,26,CB
33365,3,P
33408,64,DE
31151,40,CB
33760,33,RB
33612,23D,CB
32190,83,TE
31731,30,RB
32068,42,FB
33087,18,WR
33186,47,LB
32772,29,CB
32121,9,WR
28011,38,RB
33843,12,WR
30089,82,TE
32084,49,OLB
32966,19,WR
32788,37,CB
21451,46s,LS
31256,55,OLB
32404,34,RB
31550,54,OLB
31559,37,SS
33390,29,CB
30403,28,CB
32375,40,FB
31982,96,DE
33595,96,DE
32997,80,TE
32497,69o,LS
31706,47,FB
33232,41,S
32511,38d,CB
33933,16,WR
30101,59d,OLB
33932,19,WR
31343,25,SS
29193,51,DE
33528,87,TE
19714,9,P
32764,2,RB
29261,26,CB
29065,41,CB
32963,16,WR
32406,44,ILB
31768,25,RB
32836,37d,CB
31255,91,OLB
30100,55,ILB
31871,71,OLB
31384,82,TE
29901,30,CB
32774,26,SS
33658,89,TE
32871,71d,NT
30131,49,OLB
32452,50,OLB
29747,32,FS
32056,44,DE
30530,22,SS
31097,38,CB
32725,89,TE
32964,34,RB
33474,4,WR
32998,52,OLB
31196,52,OLB
30703,29,CB
31130,52,OLB
32429,89,TE
29493,4,P
30414,32,RB
27796,14,QB
30235,46,OLB
32448,91,DE
27676,42,SS
29410,32,SS
26280,24,CB
30034,85,WR
33650,49,LB
26293,18,WR
32410,33,CB
32751,57,OLB
31744,81,TE
32946,49,CB
33464,80,WR
32066,28,CB
28942,29,SS
28256,96,DT
33935,91,DE
31326,12,WR
30432,32,RB
31243,36,RB
30041,21,CB
31856,36d,OLB
32479,40,FS
31831,85,TE
33293,33,RB
31059,42,FS
32059,26,CB
31578,47,ILB
29277,96,DE
31843,91,DE
33968,13,WR
31418,88,TE
23003,60,LS
33395,27d,CB
32218,17,WR
32675,49d,LB
29314,31,CB
33416,61,DE
29279,56,OLB
30251,96,DE
27356,15,WR
33992,14,WR
26725,57d,OLB
33292,81,WR
33868,95,DE
33367,83,WR
31371,97,DE
32102,50,OLB
33313,30,FS
29640,83,WR
33054,80,TE
33594,32,RB
30155,84,TE
31602,46,MLB
28105,81,WR
31653,60d,DT
32622,41,OLB
33877,29,FS
33770,19,CB
31862,49g,ILB
33385,47d,LB
32813,35,RB
33485,30,CB
32813,35O,RB
33867,56,LB
30743,17,WR
26019,39,RB
32789,59,OLB
33286,32,RB
32488,17,WR
30140,5,P
30435,37,CB
31317,78,DE
30469,27,CB
21451,46,LS
31693,96,DT
29689,83,TE
33755,12,WR
32926,80,WR
32479,40d,FS
30592,27,CB
30687,54,OLB
31904,37,CB
22684,8,P
33717,19,WR
32323,49d,ILB
32635,28,CB
30502,52,OLB
33131,96,DT
31554,54,MLB
31161,50,OLB
28002,18,WR
32801,18,WR
30734,39d,CB
32925,35d,CB
27011,53,MLB
29408,53,OLB
30802,41d,CB
31953,81,WR
33078,14,WR
31564,55,OLB
29620,54,ILB
28100,43,OLB
33306,17,WR
33015,85,WR
33862,5,K
31696,50,ILB
27247,47,LS
33076,30,SS
30101,59,OLB
31308,57,ILB
32162,97,DT
33809,39,CB
29048,36,RB
25405,25,CB
33864,83,WR
29892,44,FB
30210,55,MLB
29658,30,CB
32763,94,NT
32973,31,CB
32499,48,FB
32755,12,WR
33773,83,WR
31315,15,WR
32453,11,WR
31105,92,DE
33575,31,CB
31845,36,S
32346,32,CB
31296,57,ILB
31629,36,SS
33337,52,OLB
32691,14,WR
30148,71,NT
27787,97,DE
31186,27d,CB
31982,42,DE
30084,36,SS
31555,25,CB
30403,38,CB
25420,97,DT
33962,99,DE
32074,58,OLB
31383,37,CB
27010,23,SS
24349,50,DE
32829,37,CB
32188,88,TE
32499,47o,FB
33439,81,TE
31679,14,WR
31412,91,DE
33440,37,S
32525,47,FS
25660,61,LS
30832,45,TE
28198,41o,RB
32069,31,SS
27018,31,FS
31051,12,WR
30768,56,ILB
33621,47,S
33266,6,WR
29303,97,DE
31941,80,WR
33245,60o,C
30826,43d,CB
32248,54,ILB
30402,97,DT
33257,42o,RB
29112,95,DE
33683,41O,RB
30119,97,ILB
32987,41,CB
30499,95,OLB
27744,24,CB
30691,17,WR
27060,21,FS
32856,37,CB
28041,93,OLB
33584,98,DT
31347,39,FS
31388,99,DT
32009,11,WR
32139,83,TE
33205,43,LS
28091,17,WR
32617,30,CB
32968,44,MLB
33330,66,DE
31332,33o,RB
32367,40,OLB
32167,47,OLB
27710,25,FS
32611,42,RB
33934,92,DT
30828,86,T
29587,85,TE
32359,59,OLB
32937,19,WR
29416,35,CB
33270,49,OLB
31068,14,WR
31630,38d,CB
27840,36d,CB
33507,46,CB
31062,28,RB
30263,31,CB
32041,37,CB
32796,52,OLB
31914,72,DT
33545,30,CB
27057,19,WR
31281,77,DT
31058,53,ILB
34003,58,LB
31847,50,OLB
25825,6,P
32667,47d,DE
31209,32o,RB
33748,38,RB
32523,84,TE
32790,36,FS
27860,23,CB
31871,71d,OLB
33510,37,S
31054,90,DE
32250,82,WR
31835,45d,OLB
33912,99,DE
32602,85,WR
30433,35,RB
32668,40o,TE
32325,10,WR
29848,15,WR
29731,43,RB
26857,59,OLB
33813,35d,S
33923,27o,RB
30451,35,CB
32773,44,ILB
33920,95,DE
27825,81,TE
29981,16,DB
33384,46,RB
30049,87,TE
30521,17,WR
33251,16,WR
33976,90,DT
30246,52,ILB
27083,30,SS
29999,44,TE
33357,7,QB
32004,82,TE
32166,14,WR
32672,36o,RB
32679,8,WR
28698,53,OLB
30734,39,CB
33970,26,SS
28172,52,OLB
33313,30d,FS
31414,33,CB
32422,40,MLB
30946,61,DE
32841,80,WR
33179,6,WR
32433,68,T
29575,29,FS
33401,33,CB
33165,48,DB
33695,86,WR
33696,80,TE
29795,26o,RB
31999,51,OLB
25697,57,OLB
33074,93,OLB
30572,25,CB
32205,58,OLB
26190,93,DE
32794,40,FB
32521,48,CB
31665,34,RB
33368,53,ILB
32809,59,MLB
29888,23,CB
27662,96,DE
32719,98,DE
28943,58,ILB
30529,51,ILB
30060,32,SS
24341,58,DE
32788,24,CB
33964,97,DE
30874,26,RB
33882,22,CB
30385,51,ILB
31338,24,SS
33336,50,OLB
27651,22,RB
33974,51,OLB
33783,41,CB
30127,41,CB
25555,24,FS
29696,37,CB
33101,82,TE
29273,33,RB
33943,83,WR
29510,41,RB
33896,87,TE
32048,34,RB
33023,9,WR
31313,52,MLB
29792,58,OLB
31546,26,CB
32135,81,TE
32531,2,P
30247,38,RB
30147,19,WR
28292,43,RB
31090,24,CB
27150,11,WR
30458,59,OLB
32913,40d,CB
26035,80,WR
33330,66d,DE
32599,82,TE
32428,91,OLB
29934,14,WR
29981,37,DB
32728,88,WR
32729,94,OLB
33821,37,CB
30517,47,OLB
26145,90,NT
32702,88,WR
27008,90,DE
32708,56,LB
32537,13,WR
31063,43,FS
33035,38,RB
33956,55,ILB
30474,82,WR
30515,92,DE
31959,34,RB
28083,35,RB
31570,16,WR
32355,3,WR
30982,38,CB
32861,42,DB
27891,15,WR
32094,58,LB
33602,47,DB
33570,50,ILB
33950,30,RB
32375,38o,FB
32320,30,SS
27652,29,FS
33423,44d,LB
25753,27,SS
33514,49o,TE
27595,81,WR
32388,45,MLB
27753,49o,TE
31336,94,DE
30314,57,LB
32200,88,RB
30059,94,DE
32437,48d,OLB
32643,39d,CB
33061,83,TE
28005,56,ILB
